{
  "n_bonafide": 100,
  "n_attack": 58,
  "roc_auc": 0.6043103448275862,
  "pr_auc": 0.549528326379529,
  "eer": 0.43051724137931036,
  "eer_threshold": 0.10012979055146605,
  "at_configured_threshold": {
    "threshold": 0.15663037873676347,
    "APCER": 0.5344827586206896,
    "BPCER": 0.39,
    "ACER": 0.4622413793103448,
    "precision": 0.4090909090909091,
    "recall": 0.46551724137931033,
    "f1": 0.43548387096774194,
    "tn": 61,
    "fp": 39,
    "fn": 31,
    "tp": 27
  },
  "at_eer_threshold": {
    "threshold": 0.10012979055146605,
    "APCER": 0.43103448275862066,
    "BPCER": 0.43,
    "ACER": 0.43051724137931036,
    "precision": 0.4342105263157895,
    "recall": 0.5689655172413793,
    "f1": 0.49253731343283585,
    "tn": 57,
    "fp": 43,
    "fn": 25,
    "tp": 33
  }
}