{
  "n_bonafide": 100,
  "n_attack": 58,
  "roc_auc": 0.7893103448275862,
  "pr_auc": 0.7262944045379591,
  "eer": 0.2679310344827586,
  "eer_threshold": 0.2631710171699524,
  "at_configured_threshold": {
    "threshold": 0.2783646285533905,
    "APCER": 0.3103448275862069,
    "BPCER": 0.26,
    "ACER": 0.28517241379310343,
    "precision": 0.6060606060606061,
    "recall": 0.6896551724137931,
    "f1": 0.6451612903225807,
    "tn": 74,
    "fp": 26,
    "fn": 18,
    "tp": 40
  },
  "at_eer_threshold": {
    "threshold": 0.2631710171699524,
    "APCER": 0.27586206896551724,
    "BPCER": 0.26,
    "ACER": 0.2679310344827586,
    "precision": 0.6176470588235294,
    "recall": 0.7241379310344828,
    "f1": 0.6666666666666667,
    "tn": 74,
    "fp": 26,
    "fn": 16,
    "tp": 42
  }
}