{
  "n_bonafide": 1585,
  "n_attack": 1515,
  "roc_auc": 0.9139444670019052,
  "pr_auc": 0.8994679551409839,
  "eer": 0.15709675068453216,
  "eer_threshold": 0.532449945807457,
  "at_configured_threshold": {
    "threshold": 0.5,
    "APCER": 0.12145214521452145,
    "BPCER": 0.17097791798107256,
    "ACER": 0.146215031597797,
    "precision": 0.8308364544319601,
    "recall": 0.8785478547854786,
    "f1": 0.8540263073468078,
    "tn": 1314,
    "fp": 271,
    "fn": 184,
    "tp": 1331
  },
  "at_eer_threshold": {
    "threshold": 0.532449945807457,
    "APCER": 0.1570957095709571,
    "BPCER": 0.15709779179810726,
    "ACER": 0.15709675068453216,
    "precision": 0.8368283093053736,
    "recall": 0.8429042904290429,
    "f1": 0.8398553107530419,
    "tn": 1336,
    "fp": 249,
    "fn": 238,
    "tp": 1277
  }
}