{
  "n_bonafide": 100,
  "n_attack": 58,
  "roc_auc": 0.9570689655172414,
  "pr_auc": 0.9376622980565777,
  "eer": 0.1253448275862069,
  "eer_threshold": 0.3559010326862335,
  "at_configured_threshold": {
    "threshold": 0.5,
    "APCER": 0.25862068965517243,
    "BPCER": 0.05,
    "ACER": 0.1543103448275862,
    "precision": 0.8958333333333334,
    "recall": 0.7413793103448276,
    "f1": 0.8113207547169813,
    "tn": 95,
    "fp": 5,
    "fn": 15,
    "tp": 43
  },
  "at_eer_threshold": {
    "threshold": 0.3559010326862335,
    "APCER": 0.1206896551724138,
    "BPCER": 0.13,
    "ACER": 0.1253448275862069,
    "precision": 0.796875,
    "recall": 0.8793103448275862,
    "f1": 0.8360655737704917,
    "tn": 87,
    "fp": 13,
    "fn": 7,
    "tp": 51
  }
}