{
  "n_bonafide": 1585,
  "n_attack": 1515,
  "roc_auc": 0.7895663761959791,
  "pr_auc": 0.7682489934363971,
  "eer": 0.2674173095542993,
  "eer_threshold": 0.10973954409018892,
  "at_configured_threshold": {
    "threshold": 0.15663037873676347,
    "APCER": 0.3227722772277228,
    "BPCER": 0.2309148264984227,
    "ACER": 0.27684355186307275,
    "precision": 0.7370689655172413,
    "recall": 0.6772277227722773,
    "f1": 0.7058823529411765,
    "tn": 1219,
    "fp": 366,
    "fn": 489,
    "tp": 1026
  },
  "at_eer_threshold": {
    "threshold": 0.10973954409018892,
    "APCER": 0.26732673267326734,
    "BPCER": 0.26750788643533124,
    "ACER": 0.2674173095542993,
    "precision": 0.7235984354628422,
    "recall": 0.7326732673267327,
    "f1": 0.7281075762545096,
    "tn": 1161,
    "fp": 424,
    "fn": 405,
    "tp": 1110
  }
}