{
  "n_bonafide": 1585,
  "n_attack": 1515,
  "roc_auc": 0.9315726020551582,
  "pr_auc": 0.9433668623358155,
  "eer": 0.14225047110389274,
  "eer_threshold": 0.6095641851425171,
  "at_configured_threshold": {
    "threshold": 0.2783646285533905,
    "APCER": 0.02706270627062706,
    "BPCER": 0.6025236593059937,
    "ACER": 0.31479318278831037,
    "precision": 0.6068340881020996,
    "recall": 0.972937293729373,
    "f1": 0.7474645030425964,
    "tn": 630,
    "fp": 955,
    "fn": 41,
    "tp": 1474
  },
  "at_eer_threshold": {
    "threshold": 0.6095641851425171,
    "APCER": 0.1419141914191419,
    "BPCER": 0.14258675078864352,
    "ACER": 0.14225047110389272,
    "precision": 0.8519003931847968,
    "recall": 0.858085808580858,
    "f1": 0.8549819138441301,
    "tn": 1359,
    "fp": 226,
    "fn": 215,
    "tp": 1300
  }
}