{
  "roc_auc": 0.9583384041763914,
  "pr_auc": 0.8718381533741958,
  "threshold": 0.15663037873676347,
  "confusion_matrix": {
    "tn": 1894,
    "fp": 227,
    "fn": 52,
    "tp": 471
  },
  "APCER_attack_miss_rate": 0.0994263862332696,
  "BPCER_bonafide_false_reject_rate": 0.10702498821310702,
  "n_bonafide": 2121,
  "n_attack": 523
}