{
  "architecture": "MultiFTNet(MiniFASNetV2)",
  "patch_info": "2.7_80x80",
  "input_size": [
    80,
    80
  ],
  "num_classes": 2,
  "embedding_size": 128,
  "conv6_kernel": [
    5,
    5
  ],
  "class_to_idx": {
    "real": 0,
    "spoof": 1
  },
  "threshold": 0.2783646285533905,
  "best_epoch": 5,
  "val_metrics_at_best_epoch": {
    "n_bonafide": 880,
    "n_attack": 768,
    "roc_auc": 0.9835464015151515,
    "pr_auc": 0.9833254153406373,
    "eer": 0.07875236742424241,
    "eer_threshold": 0.2783646285533905,
    "at_configured_threshold": {
      "threshold": 0.5,
      "APCER": 0.125,
      "BPCER": 0.03068181818181818,
      "ACER": 0.07784090909090909,
      "precision": 0.9613733905579399,
      "recall": 0.875,
      "f1": 0.916155419222904,
      "tn": 853,
      "fp": 27,
      "fn": 96,
      "tp": 672
    },
    "at_eer_threshold": {
      "threshold": 0.2783646285533905,
      "APCER": 0.07682291666666667,
      "BPCER": 0.08068181818181819,
      "ACER": 0.07875236742424244,
      "precision": 0.908974358974359,
      "recall": 0.9231770833333334,
      "f1": 0.9160206718346254,
      "tn": 809,
      "fp": 71,
      "fn": 59,
      "tp": 709
    }
  },
  "source_pretrained": "/home/cara/vca/vlm/Presentation-Attack-Detection/Silent-Face-Anti-Spoofing/resources/anti_spoof_models/2.7_80x80_MiniFASNetV2.pth",
  "train_args": {
    "data_dir": "./data",
    "pretrained": "/home/cara/vca/vlm/Presentation-Attack-Detection/Silent-Face-Anti-Spoofing/resources/anti_spoof_models/2.7_80x80_MiniFASNetV2.pth",
    "output_dir": "./artifacts",
    "epochs": 25,
    "batch_size": 1024,
    "lr": 0.001,
    "weight_decay": 0.0005,
    "milestones": [
      10,
      15
    ],
    "gamma": 0.1,
    "num_workers": 4,
    "seed": 42
  }
}